{
  "name": "Kranky",
  "designer": "Sideshow",
  "license": "Apache2",
  "visibility": "External",
  "category": "Display",
  "size": 101172,
  "fonts": [
    {
      "name": "Kranky",
      "style": "normal",
      "weight": 400,
      "filename": "Kranky.ttf",
      "postScriptName": "Kranky",
      "fullName": "Kranky",
      "copyright": "Copyright (c) 2010 by Font Diner, Inc DBA Sideshow (diner@fontdiner.com). All rights reserved."
    }
  ],
  "subsets": [
    "latin",
    "menu"
  ],
  "dateAdded": "2011-01-06"
}
