{
  "name": "Rock Salt",
  "designer": "Sideshow",
  "license": "Apache2",
  "visibility": "External",
  "category": "Handwriting",
  "size": 76350,
  "fonts": [
    {
      "name": "Rock Salt",
      "style": "normal",
      "weight": 400,
      "filename": "RockSalt.ttf",
      "postScriptName": "RockSalt",
      "fullName": "Rock Salt",
      "copyright": "Copyright (c) 2010 by Font Diner, Inc DBA Sideshow (diner@fontdiner.com). All rights reserved."
    }
  ],
  "subsets": [
    "latin",
    "menu"
  ],
  "dateAdded": "2011-01-06"
}
