{
  "name": "Crushed",
  "designer": "Astigmatic",
  "license": "Apache2",
  "visibility": "External",
  "category": "Display",
  "size": 28050,
  "fonts": [
    {
      "name": "Crushed",
      "style": "normal",
      "weight": 400,
      "filename": "Crushed.ttf",
      "postScriptName": "Crushed-Regular",
      "fullName": "Crushed",
      "copyright": "Copyright (c) 2010 by Brian J. Bonislawsky DBA Astigmatic (AOETI) (astigma@astigmatic.com). All rights reserved. Available under the Apache 2.0 licence. http://www.apache.org/licenses/LICENSE-2.0.html"
    }
  ],
  "subsets": [
    "latin",
    "menu"
  ],
  "dateAdded": "2011-01-06"
}
